-- phpMyAdmin SQL Dump
-- version 5.1.1
-- https://www.phpmyadmin.net/
--
-- Host: 127.0.0.1
-- Generation Time: Sep 24, 2021 at 10:37 AM
-- Server version: 10.4.19-MariaDB
-- PHP Version: 8.0.7

SET SQL_MODE = "NO_AUTO_VALUE_ON_ZERO";
START TRANSACTION;
SET time_zone = "+00:00";


/*!40101 SET @OLD_CHARACTER_SET_CLIENT=@@CHARACTER_SET_CLIENT */;
/*!40101 SET @OLD_CHARACTER_SET_RESULTS=@@CHARACTER_SET_RESULTS */;
/*!40101 SET @OLD_COLLATION_CONNECTION=@@COLLATION_CONNECTION */;
/*!40101 SET NAMES utf8mb4 */;

--
-- Database: `phpmyadmin`
--
CREATE DATABASE IF NOT EXISTS `phpmyadmin` DEFAULT CHARACTER SET utf8 COLLATE utf8_bin;
USE `phpmyadmin`;

-- --------------------------------------------------------

--
-- Table structure for table `pma__bookmark`
--
-- Error reading structure for table phpmyadmin.pma__bookmark: #1932 - Table 'phpmyadmin.pma__bookmark' doesn't exist in engine
-- Error reading data for table phpmyadmin.pma__bookmark: #1064 - You have an error in your SQL syntax; check the manual that corresponds to your MariaDB server version for the right syntax to use near 'FROM `phpmyadmin`.`pma__bookmark`' at line 1

-- --------------------------------------------------------

--
-- Table structure for table `pma__central_columns`
--
-- Error reading structure for table phpmyadmin.pma__central_columns: #1932 - Table 'phpmyadmin.pma__central_columns' doesn't exist in engine
-- Error reading data for table phpmyadmin.pma__central_columns: #1064 - You have an error in your SQL syntax; check the manual that corresponds to your MariaDB server version for the right syntax to use near 'FROM `phpmyadmin`.`pma__central_columns`' at line 1

-- --------------------------------------------------------

--
-- Table structure for table `pma__column_info`
--
-- Error reading structure for table phpmyadmin.pma__column_info: #1932 - Table 'phpmyadmin.pma__column_info' doesn't exist in engine
-- Error reading data for table phpmyadmin.pma__column_info: #1064 - You have an error in your SQL syntax; check the manual that corresponds to your MariaDB server version for the right syntax to use near 'FROM `phpmyadmin`.`pma__column_info`' at line 1

-- --------------------------------------------------------

--
-- Table structure for table `pma__designer_settings`
--
-- Error reading structure for table phpmyadmin.pma__designer_settings: #1932 - Table 'phpmyadmin.pma__designer_settings' doesn't exist in engine
-- Error reading data for table phpmyadmin.pma__designer_settings: #1064 - You have an error in your SQL syntax; check the manual that corresponds to your MariaDB server version for the right syntax to use near 'FROM `phpmyadmin`.`pma__designer_settings`' at line 1

-- --------------------------------------------------------

--
-- Table structure for table `pma__export_templates`
--
-- Error reading structure for table phpmyadmin.pma__export_templates: #1932 - Table 'phpmyadmin.pma__export_templates' doesn't exist in engine
-- Error reading data for table phpmyadmin.pma__export_templates: #1064 - You have an error in your SQL syntax; check the manual that corresponds to your MariaDB server version for the right syntax to use near 'FROM `phpmyadmin`.`pma__export_templates`' at line 1

-- --------------------------------------------------------

--
-- Table structure for table `pma__favorite`
--
-- Error reading structure for table phpmyadmin.pma__favorite: #1932 - Table 'phpmyadmin.pma__favorite' doesn't exist in engine
-- Error reading data for table phpmyadmin.pma__favorite: #1064 - You have an error in your SQL syntax; check the manual that corresponds to your MariaDB server version for the right syntax to use near 'FROM `phpmyadmin`.`pma__favorite`' at line 1

-- --------------------------------------------------------

--
-- Table structure for table `pma__history`
--
-- Error reading structure for table phpmyadmin.pma__history: #1932 - Table 'phpmyadmin.pma__history' doesn't exist in engine
-- Error reading data for table phpmyadmin.pma__history: #1064 - You have an error in your SQL syntax; check the manual that corresponds to your MariaDB server version for the right syntax to use near 'FROM `phpmyadmin`.`pma__history`' at line 1

-- --------------------------------------------------------

--
-- Table structure for table `pma__navigationhiding`
--
-- Error reading structure for table phpmyadmin.pma__navigationhiding: #1932 - Table 'phpmyadmin.pma__navigationhiding' doesn't exist in engine
-- Error reading data for table phpmyadmin.pma__navigationhiding: #1064 - You have an error in your SQL syntax; check the manual that corresponds to your MariaDB server version for the right syntax to use near 'FROM `phpmyadmin`.`pma__navigationhiding`' at line 1

-- --------------------------------------------------------

--
-- Table structure for table `pma__pdf_pages`
--
-- Error reading structure for table phpmyadmin.pma__pdf_pages: #1932 - Table 'phpmyadmin.pma__pdf_pages' doesn't exist in engine
-- Error reading data for table phpmyadmin.pma__pdf_pages: #1064 - You have an error in your SQL syntax; check the manual that corresponds to your MariaDB server version for the right syntax to use near 'FROM `phpmyadmin`.`pma__pdf_pages`' at line 1

-- --------------------------------------------------------

--
-- Table structure for table `pma__recent`
--
-- Error reading structure for table phpmyadmin.pma__recent: #1932 - Table 'phpmyadmin.pma__recent' doesn't exist in engine
-- Error reading data for table phpmyadmin.pma__recent: #1064 - You have an error in your SQL syntax; check the manual that corresponds to your MariaDB server version for the right syntax to use near 'FROM `phpmyadmin`.`pma__recent`' at line 1

-- --------------------------------------------------------

--
-- Table structure for table `pma__relation`
--
-- Error reading structure for table phpmyadmin.pma__relation: #1932 - Table 'phpmyadmin.pma__relation' doesn't exist in engine
-- Error reading data for table phpmyadmin.pma__relation: #1064 - You have an error in your SQL syntax; check the manual that corresponds to your MariaDB server version for the right syntax to use near 'FROM `phpmyadmin`.`pma__relation`' at line 1

-- --------------------------------------------------------

--
-- Table structure for table `pma__savedsearches`
--
-- Error reading structure for table phpmyadmin.pma__savedsearches: #1932 - Table 'phpmyadmin.pma__savedsearches' doesn't exist in engine
-- Error reading data for table phpmyadmin.pma__savedsearches: #1064 - You have an error in your SQL syntax; check the manual that corresponds to your MariaDB server version for the right syntax to use near 'FROM `phpmyadmin`.`pma__savedsearches`' at line 1

-- --------------------------------------------------------

--
-- Table structure for table `pma__table_coords`
--
-- Error reading structure for table phpmyadmin.pma__table_coords: #1932 - Table 'phpmyadmin.pma__table_coords' doesn't exist in engine
-- Error reading data for table phpmyadmin.pma__table_coords: #1064 - You have an error in your SQL syntax; check the manual that corresponds to your MariaDB server version for the right syntax to use near 'FROM `phpmyadmin`.`pma__table_coords`' at line 1

-- --------------------------------------------------------

--
-- Table structure for table `pma__table_info`
--
-- Error reading structure for table phpmyadmin.pma__table_info: #1932 - Table 'phpmyadmin.pma__table_info' doesn't exist in engine
-- Error reading data for table phpmyadmin.pma__table_info: #1064 - You have an error in your SQL syntax; check the manual that corresponds to your MariaDB server version for the right syntax to use near 'FROM `phpmyadmin`.`pma__table_info`' at line 1

-- --------------------------------------------------------

--
-- Table structure for table `pma__table_uiprefs`
--
-- Error reading structure for table phpmyadmin.pma__table_uiprefs: #1932 - Table 'phpmyadmin.pma__table_uiprefs' doesn't exist in engine
-- Error reading data for table phpmyadmin.pma__table_uiprefs: #1064 - You have an error in your SQL syntax; check the manual that corresponds to your MariaDB server version for the right syntax to use near 'FROM `phpmyadmin`.`pma__table_uiprefs`' at line 1

-- --------------------------------------------------------

--
-- Table structure for table `pma__tracking`
--
-- Error reading structure for table phpmyadmin.pma__tracking: #1932 - Table 'phpmyadmin.pma__tracking' doesn't exist in engine
-- Error reading data for table phpmyadmin.pma__tracking: #1064 - You have an error in your SQL syntax; check the manual that corresponds to your MariaDB server version for the right syntax to use near 'FROM `phpmyadmin`.`pma__tracking`' at line 1

-- --------------------------------------------------------

--
-- Table structure for table `pma__userconfig`
--
-- Error reading structure for table phpmyadmin.pma__userconfig: #1932 - Table 'phpmyadmin.pma__userconfig' doesn't exist in engine
-- Error reading data for table phpmyadmin.pma__userconfig: #1064 - You have an error in your SQL syntax; check the manual that corresponds to your MariaDB server version for the right syntax to use near 'FROM `phpmyadmin`.`pma__userconfig`' at line 1

-- --------------------------------------------------------

--
-- Table structure for table `pma__usergroups`
--
-- Error reading structure for table phpmyadmin.pma__usergroups: #1932 - Table 'phpmyadmin.pma__usergroups' doesn't exist in engine
-- Error reading data for table phpmyadmin.pma__usergroups: #1064 - You have an error in your SQL syntax; check the manual that corresponds to your MariaDB server version for the right syntax to use near 'FROM `phpmyadmin`.`pma__usergroups`' at line 1

-- --------------------------------------------------------

--
-- Table structure for table `pma__users`
--
-- Error reading structure for table phpmyadmin.pma__users: #1932 - Table 'phpmyadmin.pma__users' doesn't exist in engine
-- Error reading data for table phpmyadmin.pma__users: #1064 - You have an error in your SQL syntax; check the manual that corresponds to your MariaDB server version for the right syntax to use near 'FROM `phpmyadmin`.`pma__users`' at line 1
--
-- Database: `reactjs`
--
CREATE DATABASE IF NOT EXISTS `reactjs` DEFAULT CHARACTER SET utf8mb4 COLLATE utf8mb4_general_ci;
USE `reactjs`;

-- --------------------------------------------------------

--
-- Table structure for table `register`
--
-- Error reading structure for table reactjs.register: #1932 - Table 'reactjs.register' doesn't exist in engine
-- Error reading data for table reactjs.register: #1064 - You have an error in your SQL syntax; check the manual that corresponds to your MariaDB server version for the right syntax to use near 'FROM `reactjs`.`register`' at line 1
--
-- Database: `test`
--
CREATE DATABASE IF NOT EXISTS `test` DEFAULT CHARACTER SET latin1 COLLATE latin1_swedish_ci;
USE `test`;
--
-- Database: `webbee`
--
CREATE DATABASE IF NOT EXISTS `webbee` DEFAULT CHARACTER SET utf8mb4 COLLATE utf8mb4_general_ci;
USE `webbee`;

-- --------------------------------------------------------

--
-- Table structure for table `chat`
--
-- Error reading structure for table webbee.chat: #1932 - Table 'webbee.chat' doesn't exist in engine
-- Error reading data for table webbee.chat: #1064 - You have an error in your SQL syntax; check the manual that corresponds to your MariaDB server version for the right syntax to use near 'FROM `webbee`.`chat`' at line 1

-- --------------------------------------------------------

--
-- Table structure for table `post`
--
-- Error reading structure for table webbee.post: #1932 - Table 'webbee.post' doesn't exist in engine
-- Error reading data for table webbee.post: #1064 - You have an error in your SQL syntax; check the manual that corresponds to your MariaDB server version for the right syntax to use near 'FROM `webbee`.`post`' at line 1

-- --------------------------------------------------------

--
-- Table structure for table `post_comment`
--
-- Error reading structure for table webbee.post_comment: #1932 - Table 'webbee.post_comment' doesn't exist in engine
-- Error reading data for table webbee.post_comment: #1064 - You have an error in your SQL syntax; check the manual that corresponds to your MariaDB server version for the right syntax to use near 'FROM `webbee`.`post_comment`' at line 1

-- --------------------------------------------------------

--
-- Table structure for table `post_likes`
--
-- Error reading structure for table webbee.post_likes: #1932 - Table 'webbee.post_likes' doesn't exist in engine
-- Error reading data for table webbee.post_likes: #1064 - You have an error in your SQL syntax; check the manual that corresponds to your MariaDB server version for the right syntax to use near 'FROM `webbee`.`post_likes`' at line 1

-- --------------------------------------------------------

--
-- Table structure for table `users`
--
-- Error reading structure for table webbee.users: #1932 - Table 'webbee.users' doesn't exist in engine
-- Error reading data for table webbee.users: #1064 - You have an error in your SQL syntax; check the manual that corresponds to your MariaDB server version for the right syntax to use near 'FROM `webbee`.`users`' at line 1
--
-- Database: `webpro`
--
CREATE DATABASE IF NOT EXISTS `webpro` DEFAULT CHARACTER SET utf8mb4 COLLATE utf8mb4_general_ci;
USE `webpro`;

-- --------------------------------------------------------

--
-- Table structure for table `chat`
--

CREATE TABLE `chat` (
  `auto_id` int(11) NOT NULL,
  `sender_id` int(11) NOT NULL,
  `receiver_id` int(11) NOT NULL,
  `msg_time` timestamp NOT NULL DEFAULT current_timestamp() ON UPDATE current_timestamp(),
  `msg` varchar(250) NOT NULL
) ENGINE=InnoDB DEFAULT CHARSET=utf8mb4;

--
-- Dumping data for table `chat`
--

INSERT INTO `chat` (`auto_id`, `sender_id`, `receiver_id`, `msg_time`, `msg`) VALUES
(1, 2, 1, '0000-00-00 00:00:00', '0'),
(2, 2, 1, '2021-09-08 16:14:32', 'hi'),
(3, 1, 2, '2021-09-08 16:15:21', 'soldra'),
(4, 1, 2, '2021-09-08 16:39:13', 'hi'),
(5, 1, 3, '2021-09-09 01:52:23', 'hi'),
(6, 3, 1, '2021-09-09 01:53:10', 'hi'),
(7, 4, 2, '2021-09-09 02:05:33', 'hi pravin'),
(8, 4, 3, '2021-09-09 02:05:47', 'hi ram'),
(9, 2, 4, '2021-09-09 02:08:20', 'hi da'),
(10, 5, 2, '2021-09-09 02:26:16', 'hi pravin'),
(11, 2, 5, '2021-09-09 02:27:01', 'hi da'),
(12, 6, 1, '2021-09-09 09:25:02', 'hi mame nalla irukiya'),
(13, 6, 2, '2021-09-09 09:25:50', 'hi mame enna panra');

-- --------------------------------------------------------

--
-- Table structure for table `post`
--

CREATE TABLE `post` (
  `post_id` int(11) NOT NULL,
  `user_name` varchar(150) NOT NULL,
  `image` varchar(120) NOT NULL,
  `post_text` varchar(150) NOT NULL,
  `post_time` timestamp NOT NULL DEFAULT current_timestamp() ON UPDATE current_timestamp(),
  `likes` int(11) NOT NULL
) ENGINE=InnoDB DEFAULT CHARSET=utf8mb4;

--
-- Dumping data for table `post`
--

INSERT INTO `post` (`post_id`, `user_name`, `image`, `post_text`, `post_time`, `likes`) VALUES
(4, 'ganesh kumar', 'MAMCET.jpg', 'mamcet', '2021-09-09 09:22:49', 6),
(7, 'Yuvaraj N', 'Screenshot_20200601-183449.png', '', '2021-09-24 08:32:53', 3),
(8, 'pravin', 'download.jpg', '', '2021-09-24 08:32:15', 2);

-- --------------------------------------------------------

--
-- Table structure for table `post_comment`
--

CREATE TABLE `post_comment` (
  `comment_id` int(11) NOT NULL,
  `user_id` int(11) NOT NULL,
  `post_id` int(11) NOT NULL,
  `comment` varchar(200) NOT NULL,
  `cmt_time` timestamp NOT NULL DEFAULT current_timestamp() ON UPDATE current_timestamp()
) ENGINE=InnoDB DEFAULT CHARSET=utf8mb4;

--
-- Dumping data for table `post_comment`
--

INSERT INTO `post_comment` (`comment_id`, `user_id`, `post_id`, `comment`, `cmt_time`) VALUES
(1, 2, 4, 'hi', '2021-09-09 01:45:54'),
(2, 2, 4, 'hi', '2021-09-09 01:45:58'),
(3, 1, 4, 'nice', '2021-09-09 01:50:09'),
(4, 4, 4, 'lovely', '2021-09-09 02:06:21'),
(5, 4, 4, 'lovely', '2021-09-09 02:06:24'),
(6, 4, 5, 'first post', '2021-09-09 02:07:17'),
(7, 5, 4, 'bad', '2021-09-09 02:24:34'),
(8, 5, 6, 'first post', '2021-09-09 02:25:29'),
(9, 6, 4, 'hi webee', '2021-09-09 09:23:11'),
(10, 1, 8, 'hi', '2021-09-24 08:32:25');

-- --------------------------------------------------------

--
-- Table structure for table `post_likes`
--

CREATE TABLE `post_likes` (
  `user_id` int(11) NOT NULL,
  `postid` int(11) NOT NULL
) ENGINE=InnoDB DEFAULT CHARSET=utf8mb4;

--
-- Dumping data for table `post_likes`
--

INSERT INTO `post_likes` (`user_id`, `postid`) VALUES
(2, 4),
(3, 4),
(1, 4),
(4, 4),
(4, 5),
(5, 4),
(5, 6),
(6, 4),
(6, 7),
(2, 7),
(2, 8),
(1, 8),
(1, 7);

-- --------------------------------------------------------

--
-- Table structure for table `users`
--

CREATE TABLE `users` (
  `uid` int(11) NOT NULL,
  `uname` varchar(100) NOT NULL,
  `email` varchar(100) NOT NULL,
  `mobile` varchar(100) NOT NULL,
  `upass` varchar(100) NOT NULL,
  `profile` varchar(200) NOT NULL
) ENGINE=InnoDB DEFAULT CHARSET=utf8mb4;

--
-- Dumping data for table `users`
--

INSERT INTO `users` (`uid`, `uname`, `email`, `mobile`, `upass`, `profile`) VALUES
(1, 'ganesh kumar', 'ganesh@gmail.com', '6381226384', 'ganes123', 'download.jpg'),
(2, 'pravin', 'pravin592002@gmail.com', '617288819991', 'pravin123', ''),
(3, 'Ram kumar', 'ram@gmail.com', '9943325916', 'ram123', ''),
(4, 'veeraseker', 'veera@gmail.com', '8270845681', 'veera123', 'developer.jpg'),
(5, 'thowfik', 'thowfik@gmail.com', '0971613249', 'thowfik123', 'Developer.png'),
(6, 'Yuvaraj N', 'yuvileroi27@gmail.com', '8940760261', 'arviyuvi@27', 'MAMCET.jpg');

--
-- Indexes for dumped tables
--

--
-- Indexes for table `chat`
--
ALTER TABLE `chat`
  ADD PRIMARY KEY (`auto_id`);

--
-- Indexes for table `post`
--
ALTER TABLE `post`
  ADD PRIMARY KEY (`post_id`);

--
-- Indexes for table `post_comment`
--
ALTER TABLE `post_comment`
  ADD PRIMARY KEY (`comment_id`);

--
-- Indexes for table `users`
--
ALTER TABLE `users`
  ADD PRIMARY KEY (`uid`);

--
-- AUTO_INCREMENT for dumped tables
--

--
-- AUTO_INCREMENT for table `chat`
--
ALTER TABLE `chat`
  MODIFY `auto_id` int(11) NOT NULL AUTO_INCREMENT, AUTO_INCREMENT=14;

--
-- AUTO_INCREMENT for table `post`
--
ALTER TABLE `post`
  MODIFY `post_id` int(11) NOT NULL AUTO_INCREMENT, AUTO_INCREMENT=10;

--
-- AUTO_INCREMENT for table `post_comment`
--
ALTER TABLE `post_comment`
  MODIFY `comment_id` int(11) NOT NULL AUTO_INCREMENT, AUTO_INCREMENT=11;

--
-- AUTO_INCREMENT for table `users`
--
ALTER TABLE `users`
  MODIFY `uid` int(11) NOT NULL AUTO_INCREMENT, AUTO_INCREMENT=7;
--
-- Database: `wechat`
--
CREATE DATABASE IF NOT EXISTS `wechat` DEFAULT CHARACTER SET utf8mb4 COLLATE utf8mb4_general_ci;
USE `wechat`;
COMMIT;

/*!40101 SET CHARACTER_SET_CLIENT=@OLD_CHARACTER_SET_CLIENT */;
/*!40101 SET CHARACTER_SET_RESULTS=@OLD_CHARACTER_SET_RESULTS */;
/*!40101 SET COLLATION_CONNECTION=@OLD_COLLATION_CONNECTION */;
